{"cameraMode":{"drawMode":0,"name":"Shaded","section":"Shading Mode"},"sceneLighting":true,"audioPlay":false,"sceneViewState":{"showFog":true,"showMaterialUpdate":false,"showSkybox":true,"showFlares":true,"showImageEffects":true,"showParticleSystems":true},"in2DMode":false,"pivot":{"x":182.83029174804688,"y":29.587196350097658,"z":-12.136669158935547},"rotation":{"x":0.17183832824230195,"y":-0.7897118926048279,"z":0.25576263666152956,"w":0.5305680632591248},"size":114.79264831542969,"orthographic":false}