{"cameraMode":{"drawMode":0,"name":"Shaded","section":"Shading Mode"},"sceneLighting":true,"audioPlay":false,"sceneViewState":{"showFog":true,"showMaterialUpdate":false,"showSkybox":true,"showFlares":true,"showImageEffects":true,"showParticleSystems":true},"in2DMode":false,"pivot":{"x":106.9761962890625,"y":-11.036160469055176,"z":-6.770251274108887},"rotation":{"x":0.09302086383104325,"y":-0.46320196986198428,"z":0.048959895968437198,"w":0.8800318241119385},"size":-3.0602951049804689,"orthographic":false}